-- phpMyAdmin SQL Dump
-- version 4.8.2
-- https://www.phpmyadmin.net/
--
-- Host: 127.0.0.1
-- Waktu pembuatan: 26 Agu 2019 pada 10.15
-- Versi server: 10.1.34-MariaDB
-- Versi PHP: 7.2.8

SET SQL_MODE = "NO_AUTO_VALUE_ON_ZERO";
SET AUTOCOMMIT = 0;
START TRANSACTION;
SET time_zone = "+00:00";


/*!40101 SET @OLD_CHARACTER_SET_CLIENT=@@CHARACTER_SET_CLIENT */;
/*!40101 SET @OLD_CHARACTER_SET_RESULTS=@@CHARACTER_SET_RESULTS */;
/*!40101 SET @OLD_COLLATION_CONNECTION=@@COLLATION_CONNECTION */;
/*!40101 SET NAMES utf8mb4 */;

--
-- Database: `db_teoremabayes`
--

-- --------------------------------------------------------

--
-- Struktur dari tabel `tb_bayes`
--

CREATE TABLE `tb_bayes` (
  `id_bayes` int(11) NOT NULL,
  `hsl_bayes` double NOT NULL,
  `id_kabupaten` int(11) NOT NULL,
  `id_kecamatan` int(11) NOT NULL,
  `id_desa` int(11) NOT NULL,
  `tahun` year(4) NOT NULL,
  `klasifikasi` text NOT NULL
) ENGINE=InnoDB DEFAULT CHARSET=latin1;

--
-- Dumping data untuk tabel `tb_bayes`
--

INSERT INTO `tb_bayes` (`id_bayes`, `hsl_bayes`, `id_kabupaten`, `id_kecamatan`, `id_desa`, `tahun`, `klasifikasi`) VALUES
(0, 0.8163, 1, 4, 0, 2016, 'tinggi'),
(1, 0.7662, 1, 4, 1, 2016, 'tinggi'),
(2, 0.71625, 1, 4, 2, 2016, 'tinggi'),
(3, 0.76635, 1, 4, 3, 2016, 'tinggi'),
(4, 0.8163, 2, 5, 4, 2016, 'tinggi'),
(5, 0.7662, 2, 5, 5, 2016, 'tinggi'),
(6, 0.8163, 2, 5, 6, 2016, 'tinggi'),
(7, 0.8163, 2, 5, 7, 2016, 'tinggi'),
(8, 0.8163, 2, 5, 8, 2016, 'tinggi'),
(9, 0.8163, 2, 5, 9, 2016, 'tinggi'),
(10, 0.8163, 2, 5, 10, 2016, 'tinggi'),
(11, 0.7662, 2, 5, 11, 2016, 'tinggi'),
(12, 0.8163, 2, 5, 12, 2016, 'tinggi'),
(13, 0.8163, 2, 5, 13, 2016, 'tinggi'),
(14, 0.8163, 2, 5, 14, 2016, 'tinggi'),
(15, 0.7662, 2, 5, 15, 2016, 'tinggi'),
(16, 0.8163, 2, 6, 16, 2016, 'tinggi'),
(17, 0.76635, 2, 6, 17, 2016, 'tinggi'),
(18, 0.76635, 2, 6, 18, 2016, 'tinggi'),
(19, 0.76635, 2, 6, 19, 2016, 'tinggi'),
(20, 0.76635, 2, 6, 20, 2016, 'tinggi'),
(21, 0.8163, 2, 6, 21, 2016, 'tinggi'),
(22, 0.76635, 2, 6, 22, 2016, 'tinggi'),
(23, 0.76635, 2, 6, 23, 2016, 'tinggi'),
(24, 0.6663, 2, 6, 24, 2016, 'sedang'),
(25, 0.76635, 2, 6, 25, 2016, 'tinggi'),
(26, 0.7662, 2, 7, 26, 2016, 'tinggi'),
(27, 0.76635, 2, 7, 27, 2016, 'tinggi'),
(28, 0.76635, 2, 7, 28, 2016, 'tinggi'),
(29, 0.71625, 2, 7, 29, 2016, 'tinggi'),
(30, 0.71625, 2, 7, 30, 2016, 'tinggi'),
(31, 0.8163, 2, 8, 31, 2016, 'tinggi'),
(32, 0.8163, 2, 8, 32, 2016, 'tinggi'),
(33, 0.71625, 2, 9, 33, 2016, 'tinggi'),
(34, 0.71625, 2, 9, 34, 2016, 'tinggi'),
(35, 0.71625, 2, 9, 35, 2016, 'tinggi'),
(36, 0.71625, 2, 9, 36, 2016, 'tinggi'),
(37, 0.71625, 2, 9, 37, 2016, 'tinggi'),
(38, 0.71625, 2, 9, 38, 2016, 'tinggi'),
(39, 0.66645, 1, 4, 0, 2017, 'sedang'),
(40, 0.61635, 1, 4, 1, 2017, 'sedang'),
(41, 0.61635, 1, 4, 2, 2017, 'sedang'),
(42, 0.66645, 1, 4, 3, 2017, 'sedang'),
(43, 0.66645, 2, 5, 4, 2017, 'sedang'),
(44, 0.61635, 2, 5, 5, 2017, 'sedang'),
(45, 0.66645, 2, 5, 6, 2017, 'sedang'),
(46, 0.66645, 2, 5, 7, 2017, 'sedang'),
(47, 0.66645, 2, 5, 8, 2017, 'sedang'),
(48, 0.66645, 2, 5, 9, 2017, 'sedang'),
(49, 0.66645, 2, 5, 10, 2017, 'sedang'),
(50, 0.61635, 2, 5, 11, 2017, 'sedang'),
(51, 0.66645, 2, 5, 12, 2017, 'sedang'),
(52, 0.66645, 2, 5, 13, 2017, 'sedang'),
(53, 0.7164, 2, 5, 14, 2017, 'tinggi'),
(54, 0.61635, 2, 5, 15, 2017, 'sedang'),
(55, 0.7164, 2, 6, 16, 2017, 'tinggi'),
(56, 0.7164, 2, 6, 17, 2017, 'tinggi'),
(57, 0.66645, 2, 6, 18, 2017, 'sedang'),
(58, 0.66645, 2, 6, 19, 2017, 'sedang'),
(59, 0.7164, 2, 6, 20, 2017, 'tinggi'),
(60, 0.7164, 2, 6, 21, 2017, 'tinggi'),
(61, 0.7164, 2, 6, 22, 2017, 'tinggi'),
(62, 0.66645, 2, 6, 23, 2017, 'sedang'),
(63, 0.5664, 2, 6, 24, 2017, 'sedang'),
(64, 0.66645, 2, 6, 25, 2017, 'sedang'),
(65, 0.61635, 2, 7, 26, 2017, 'sedang'),
(66, 0.66645, 2, 7, 27, 2017, 'sedang'),
(67, 0.66645, 2, 7, 28, 2017, 'sedang'),
(68, 0.61635, 2, 7, 29, 2017, 'sedang'),
(69, 0.61635, 2, 7, 30, 2017, 'sedang'),
(70, 0.66645, 2, 8, 31, 2017, 'sedang'),
(71, 0.66645, 2, 8, 32, 2017, 'sedang'),
(72, 0.61635, 2, 9, 33, 2017, 'sedang'),
(73, 0.61635, 2, 9, 34, 2017, 'sedang'),
(74, 0.61635, 2, 9, 35, 2017, 'sedang'),
(75, 0.61635, 2, 9, 36, 2017, 'sedang'),
(76, 0.61635, 2, 9, 37, 2017, 'sedang'),
(77, 0.61635, 2, 9, 38, 2017, 'sedang'),
(78, 0.8163, 1, 4, 0, 2018, 'tinggi'),
(79, 0.71625, 1, 4, 1, 2018, 'tinggi'),
(80, 0.71625, 1, 4, 2, 2018, 'tinggi'),
(81, 0.76635, 1, 4, 3, 2018, 'tinggi'),
(82, 0.8163, 2, 5, 4, 2018, 'tinggi'),
(83, 0.71625, 2, 5, 5, 2018, 'tinggi'),
(84, 0.8163, 2, 5, 6, 2018, 'tinggi'),
(85, 0.8664, 2, 5, 7, 2018, 'tinggi'),
(86, 0.76635, 2, 5, 8, 2018, 'tinggi'),
(87, 0.76635, 2, 5, 9, 2018, 'tinggi'),
(88, 0.76635, 2, 5, 10, 2018, 'tinggi'),
(89, 0.71625, 2, 5, 11, 2018, 'tinggi'),
(90, 0.76635, 2, 5, 12, 2018, 'tinggi'),
(91, 0.76635, 2, 5, 13, 2018, 'tinggi'),
(92, 0.76635, 2, 5, 14, 2018, 'tinggi'),
(93, 0.71625, 2, 5, 15, 2018, 'tinggi'),
(94, 0.76635, 2, 6, 16, 2018, 'tinggi'),
(95, 0.8163, 2, 6, 17, 2018, 'tinggi'),
(96, 0.76635, 2, 6, 18, 2018, 'tinggi'),
(97, 0.76635, 2, 6, 19, 2018, 'tinggi'),
(98, 0.76635, 2, 6, 20, 2018, 'tinggi'),
(99, 0.76635, 2, 6, 21, 2018, 'tinggi'),
(100, 0.76635, 2, 6, 22, 2018, 'tinggi'),
(101, 0.76635, 2, 6, 23, 2018, 'tinggi'),
(102, 0.71625, 2, 6, 24, 2018, 'tinggi'),
(103, 0.76635, 2, 6, 25, 2018, 'tinggi'),
(104, 0.71625, 2, 7, 26, 2018, 'tinggi'),
(105, 0.8163, 2, 7, 27, 2018, 'tinggi'),
(106, 0.8163, 2, 7, 28, 2018, 'tinggi'),
(107, 0.71625, 2, 7, 29, 2018, 'tinggi'),
(108, 0.71625, 2, 7, 30, 2018, 'tinggi'),
(109, 0.76635, 2, 8, 31, 2018, 'tinggi'),
(110, 0.76635, 2, 8, 32, 2018, 'tinggi'),
(111, 0.71625, 2, 9, 33, 2018, 'tinggi'),
(112, 0.71625, 2, 9, 34, 2018, 'tinggi'),
(113, 0.71625, 2, 9, 35, 2018, 'tinggi'),
(114, 0.6663, 2, 9, 36, 2018, 'sedang'),
(115, 0.6663, 2, 9, 37, 2018, 'sedang'),
(116, 0.71625, 2, 9, 38, 2018, 'tinggi'),
(117, 0.43305, 1, 4, 3, 2000, 'sedang'),
(118, 0.43305, 2, 9, 35, 0000, 'sedang'),
(119, 0.43305, 1, 4, 3, 2016, 'sedang');

-- --------------------------------------------------------

--
-- Struktur dari tabel `tb_desa`
--

CREATE TABLE `tb_desa` (
  `id_desa` int(11) NOT NULL,
  `id_kabupaten` int(11) NOT NULL,
  `id_kecamatan` int(11) NOT NULL,
  `nm_desa` text NOT NULL,
  `polygon_desa` text NOT NULL,
  `marker_desa` text NOT NULL
) ENGINE=InnoDB DEFAULT CHARSET=latin1;

--
-- Dumping data untuk tabel `tb_desa`
--

INSERT INTO `tb_desa` (`id_desa`, `id_kabupaten`, `id_kecamatan`, `nm_desa`, `polygon_desa`, `marker_desa`) VALUES
(0, 1, 4, 'Pekik Nyaring', '-3.731117, 102.245647\n-3.738417, 102.250022\n-3.736799, 102.254849\n-3.731256, 102.262142\n-3.727207, 102.275359\n-3.736665, 102.281708\n-3.736611, 102.282909\n-3.737425, 102.284669\n-3.741461, 102.288574\n-3.740930, 102.294788\n-3.714682, 102.299666\n-3.709547, 102.283927\n-3.721090, 102.249124\n-3.725983, 102.240837', '-3.725983, 102.240837'),
(1, 1, 4, 'Pasar Pedati', '-3.706577437291682,102.2837049099023\n-3.704537931683443,102.2831136963946 \n-3.701713367653571,102.2819196462883\n-3.689487327461235,102.2812192656577 \n-3.696713637529286,102.2660231620119\n-3.699582645913269,102.2506744976417\n-3.700702881260964,102.2441453977306\n-3.700750744109028,102.2441527082132\n-3.700985353779922,102.2442262465819\n-3.701123599003218,102.2442848019683\n-3.701310420080501,102.2443129869672\n-3.701489543631422,102.2444144478547\n-3.701667014626188,102.2445149727886\n-3.701848768963151,102.2445417134211\n-3.702073629479421,102.2445747959796\n-3.702251679491782,102.244600991492\n-3.702926680978229,102.2449180956291\n-3.703011239683314,102.2449151148683 \n-3.703342893466688,102.2449523570674\n-3.703838635727405,102.2449344330007\n-3.704164095434595,102.2449226661371\n-3.704565380439068,102.2449081583467\n-3.704882066648684,102.2448967094794\n-3.705198797441224,102.2448380103022\n-3.705511767045682,102.244780008314\n-3.705893059933403,102.2447669170388\n-3.706201590931908,102.2446636111218\n-3.706506528587729,102.2445615082846\n-3.706804215193186,102.2445065356943\n-3.707094777851003,102.244497879697\n-3.707389361659272,102.2443984790094\n-3.707680591690793,102.2443002094987\n-3.707968526374362,102.2442030519014\n-3.708187775612412,102.2440638233214\n-3.708401575432082,102.2439702969725\n-3.708681469820087,102.243876334352\n-3.70889470293288,102.2437403990851\n-3.708976081181911,102.2435632239428\n-3.708993905214276,102.2433430302947\n-3.709075033231196,102.2431666462087\n-3.709288716131265,102.242990782405\n-3.709559136740908,102.2429037370157\n-3.709765279980807,102.2427740089161\n-3.709782838572661,102.2425571126425\n-3.709731917294888,102.2423827450657\n-3.709745981882873,102.2422089859482\n-3.709954305981245,102.2420391820638\n-3.710096901388837,102.2418692195861\n-3.710235241446619,102.2417432058396\n-3.710436148366807,102.2416197422368\n-3.710576106416639,102.2414525052143\n-3.71083656536833,102.2413332748772\n-3.711029229496122,102.2412552717615\n-3.711284868213412,102.2411381931933\n-3.711416774808227,102.2410171074868\n-3.711551378375986,102.2408547627424\n-3.711685274213181,102.2406932705311\n-3.711874692702673,102.2405774862487\n-3.71195096618899,102.2403728166737\n-3.711964430616445,102.2402065378201\n-3.711918508348889,102.2400363723704\n-3.711875837556918,102.2398240775412\n-3.711829675396108,102.2396529569268\n-3.71184656861764,102.2394442762825\n-3.711800304888183,102.2392724253327\n-3.711813835992416,102.2391052561139\n-3.711887109812617,102.238943427855\n-3.711781013764246,102.2387653328125\n-3.711614012632986,102.2385804497232\n-3.711506482852303,102.2384002050535\n-3.7115201170675,102.2382316929403\n-3.71154056762086,102.2379789201166\n-3.711614783998516,102.2378172818919\n-3.711862291728326,102.2377609161312\n-3.712097098383803,102.2378300403405\n-3.712336155725911,102.2378156115286\n-3.712466452806436,102.2376638739208\n-3.712538025645706,102.237505789117\n-3.712554719766382,102.237299509297\n-3.712571413327946,102.2370932256237\n-3.712526626895309,102.2369202934151\n-3.712426646212551,102.2366973285754\n-3.712381491964388,102.2365231958585\n-3.712398268517684,102.2363158201502\n-3.712415044505743,102.2361084404098\n-3.712600163189757,102.2360114035356\n-3.712767195571334,102.2361208919441\n-3.712990102515355,102.2362382633792\n-3.713227201247669,102.2361507723651\n-3.713293503889732,102.2360375097967\n-3.713362925320539,102.2358839071133\n-3.71337936512161,102.2356807620217\n-3.713451872511924,102.2354872276472\n-3.713573406966261,102.2353849583296\n-3.713749657400951,102.2352930080483\n-3.713924572232391,102.2352017543026\n-3.714098165521877,102.2351111890029\n-3.714321148151905, 102.235071127747\n-3.714491740971941,102.2349818415859\n-3.714664260706145,102.2348536997537\n-3.71473000446263,102.2347059384546\n-3.714897603708436,102.2346187778115\n-3.714962734917934,102.2344720337505\n-3.714923076445036,102.2343041629374\n-3.714942180349505,102.2340681952392\n-3.714902445152398,102.2338996091741\n-3.714862610204056,102.2337306019028\n-3.714769842392879,102.2335494231497\n-3.714785838118368,102.2333517903391\n-3.714798634448695,102.2331936807987\n-3.714817828434786,102.2329565121459\n-3.714883383319465,102.2328110788977\n-3.715001257225593,102.2326788191782\n-3.715206717409529,102.2327689515331\n-3.71540700155659,102.2328971935337\n-3.715551208372377,102.233050828488\n-3.715748104444379, 102.2331766027604\n-3.715943090519442,102.2333011571052\n-3.716136194289227,102.2334245092073\n-3.716327442912016,102.2335466764105\n-3.716516862511551,102.2336676759718\n-3.716659274422286,102.233738775757\n-3.716845550165582,102.2338578608806\n-3.71703310186896,102.2339383924779\n-3.717268838786417,102.2339914817468\n-3.717414971744013,102.2339488766451 \n-3.717473464540514,102.2338112816769\n-3.717578060855166,102.2336848567922\n-3.717767909836025,102.2336544481265\n-3.717913605450288,102.233576843969\n-3.718043486853995,102.2336824143409\n-3.718169521669311,102.233823659728\n-3.718247172409394,102.233989920194\n-3.718235389670007,102.2341351909235\n-3.718220661095284,102.2343167758849\n-3.718205932313454,102.2344983575046\n-3.718330686905195,102.2346359997872\n-3.718407524159157,102.234799456466\n-3.71853088382513,102.2349352925557\n-3.718653406301008,102.2350702070852\n-3.71877510009368,102.2352042094157\n-3.718904646937369,102.2352304450011\n-3.719041969414298,102.2351499979718\n-3.719053495507652,102.2350079874691\n-3.719107687894951,102.2348750587314\n-3.719283137087885,102.2348405795634\n-3.719493142424484,102.2348856868203\n-3.71965380650342,102.2349913279341\n-3.719733608901245,102.2350438002453\n-3.719827190803384,102.2349220267156\n-3.719879474303127,102.2347918077695\n-3.720007505192402,102.2347493729947\n-3.720163840899343,102.2348542308386\n-3.720276013929436,102.2349838614972\n-3.720262048861127,102.2351558052034\n-3.72024808367028,102.2353277459839\n-3.720234118355545,102.2354996838555\n-3.720263021151435,102.2356451966711\n-3.720331775032385,102.2357981753849\n-3.720442675566109,102.2359239140858\n-3.720552861599451,102.2360488428706\n-3.72066233997645,102.2361729695412\n-3.720732183435262,102.2362891505353\n-3.720798982197827,102.2364386351627\n-3.720945403631521,102.2365674221566,\n-3.721093311714652,102.2366616078373,\n-3.721237262941529,102.2367883735546,\n-3.721345110068968,102.2368744334072,\n-3.721486957622485,102.236999384123,\n-3.72163030763311,102.2370903055884,\n-3.721735703235201,102.2371744459081,\n-3.721837779441669,102.2372908501147,\n-3.721975555577162,102.2374122873658,\n-3.72207616015927,102.2375271236034,\n-3.722140244210211,102.2376357720434,\n-3.722278153605332,102.2377223382347,\n-3.722412322168199,102.237840420302,\n-3.722515502074258,102.2378882034396,\n-3.722650369786,102.2379727925007,\n-3.722749511404756,102.2380517354795,\n-3.722882497500816,102.2381350774491,\n-3.723016998005886,102.2381861146846,\n-3.723150430851178,102.238236746765,\n-3.723280253349976,102.2383183683735,\n-3.723409053082491,102.2383993469409,\n-3.723498644260995,102.2385375979929,\n-3.723524165147979,102.2386354056319,\n-3.723653529065035,102.2386834904256,\n-3.723744224332506,102.2387889015922,\n-3.723834390201892,102.2388936979423,\n-3.723958799967317,102.2389710385339,\n-3.724077265929955,102.2391089866208,\n-3.724131181602726,102.239238647685,\n-3.724219107866885,102.2393408412927,\n-3.724304055635424,102.2394728150046,\n-3.724390982808902,102.2395737528542,\n-3.724446196613492,102.2396709463455,\n-3.724532305642072,102.2397708402066,\n-3.724648803275885,102.2398731282615,\n-3.724764422557823,102.2399746452325,\n-3.724851173857612,102.2400428261649,\n-3.724967698673551,102.2401133303526,\n-3.725083354286895,102.2401833086727,\n-3.725165923020314,102.2402797288714,\n-3.725280093916294,102.2403486368491,\n-3.725395809725707,102.2403877355211,\n-3.725508295337646,102.2404557395227,\n-3.725557102805327,102.2405769714201,\n-3.725605730698238,102.2406977582263,\n-3.72568543254822,102.2407910933078,\n-3.725800448070203,102.2407991476701,\n-3.72588146261288,102.240862792435,\n-3.72595969346605,102.2409548341544,\n-3.726006932669793,102.2410732990376,\n-3.726099733589646,102.2413369749044,\n-3.721129027513475,102.2492783058018,\n-3.71856624993795,102.2566976713856,\n-3.71758966521237,102.2596884090603,\n-3.714324478346341,102.2717315568005,\n-3.713185273426209,102.2745870742189,\n-3.71309283127995,102.2749962633366,\n-3.709581087941118,102.2840990369226,\n-3.706577437291682,102.2837049099023,', '-3.689469, 102.280765'),
(2, 1, 4, 'Pondok Kelapa', '-3.689644480934433,102.2810843296525\n-3.687422997234192,102.2826439322612\n-3.685468779099039,102.2834004715254\n-3.683628619989244,102.2843530048675\n-3.682097496038287,102.2844504448775\n-3.680389394479098,102.2838397639334\n-3.676707517875442,102.2830185757479\n-3.676940048093595,102.2812179655087\n-3.677737092351921,102.2788334920452\n-3.678862468080701,102.275450386525\n-3.679816938296971,102.27195706264\n-3.680325363830749,102.269786144104\n-3.680553585515383,102.2680215289549\n-3.679881581685934,102.2675114728437\n-3.678759277124819,102.2671230663657\n-3.677960450451666,102.2670208568887\n-3.676288445961531,102.2663785757846\n-3.674084734337385,102.2655878284718\n-3.67325460211829,102.2647605197111\n-3.671833920212007,102.2630631406548\n-3.671646031685208,102.2618159662808\n-3.671639030686897,102.2601097905011\n-3.672359476828541,102.2592326263701\n-3.672788174193806,102.2583474003593\n-3.672604214786686,102.2570932910776\n-3.672239057377123,102.2562746379306\n-3.671063309892234,102.2554348282199\n-3.669249684085417,102.2545083851785\n-3.667358716795743,102.2536140078242\n-3.665263492910579,102.2532349265548\n-3.663673191818749,102.2529805668892\n-3.662219927048267,102.2525940220976\n-3.660834409685239,102.2530960804167\n-3.659323971744534,102.2547225821307\n-3.658395445103754,102.2557633284834\n-3.656475768600373,102.2593394791453\n-3.654497277723601,102.261789406342\n-3.653713290579903,102.265253776047\n-3.653144861203159,102.2679703267149\n-3.652812447264187,102.2703471655409\n-3.652182840147022,102.2729000763945\n-3.651777035710786,102.2744032036448\n-3.651014822437591,102.2767343925473\n-3.648830353549813,102.2791528732997\n-3.644129670104026,102.2797501345091\n-3.639014456311845,102.2796182278688\n-3.634605210070633,102.2775996909441\n-3.632533186228363,102.274345611036\n-3.636132774185789,102.2659808549947\n-3.638024830674521,102.2605945559456\n-3.642726047675638,102.2595176440455\n-3.646039305623965,102.2584424266425\n-3.65331311534738,102.2500519026003\n-3.656780034735669,102.2385943746846\n-3.660207851062013,102.2310173982996\n-3.665864855437509,102.2214044194625\n-3.666107231725781,102.2216049142793\n-3.666348391276573,102.2218044023494\n-3.666671774878598,102.2220225942963\n-3.66691011941698,102.2222198777805\n-3.667229763245435,102.222435425697\n-3.667465343487251,102.222630542696\n-3.667781311583919,102.222843492945\n-3.668089708161622,102.223123374388\n-3.668321048722768,102.2233150403874\n-3.668460044486748,102.2236237596003\n-3.668684069305627,102.2238812983029\n-3.668906997106237,102.2241375773829\n-3.669207976586651,102.2244098458026\n-3.66951242346245,102.2246130764925\n-3.669814907319716,102.224814996855\n-3.670032412644225,102.2250659288477\n-3.670326159665389,102.2253319448501\n-3.670546576347594,102.2255137098089\n-3.670760591108822,102.2257609650568\n-3.671055013075651,102.2259565046012\n-3.671347569383486,102.2261508048068\n-3.671557819115667,102.2263943965324\n-3.671686842039094,102.2266875031954\n-3.672309742204059,102.227408177396\n-3.672589013727698,102.2276602137024\n-3.672871771429783,102.2278458758041\n-3.673074862777488,102.2280813436724\n-3.673349380906915,102.2283291454773\n-3.673555452499668,102.2284979158175\n-3.67382700805507,102.2287430970836\n-3.674030868817565,102.228910004734\n-3.67429950928475,102.2291526074162\n-3.674496058530238,102.229381294122\n-3.674766966979305,102.2295577478349\n-3.674961401887154,102.2297842922537\n-3.675224366278851,102.2300216678647\n-3.675554644396187,102.2302692397558\n-3.67581403923645,102.230503546374\n-3.676076923662466,102.2306739830761\n-3.67633823471877,102.2308433999166\n-3.676603005513117,102.2309497162421\n-3.676866202609645,102.2310554005652\n-3.677122849640676,102.231222180074\n-3.67737797919629,102.2313879735394\n-3.677631604591588,102.2315527896831\n-3.677883739214774,102.2317166371601\n-3.678074338516053,102.2318083713395\n-3.678323888814274,102.2319706334949\n-3.678576894017888,102.2320712641843\n-3.678818637220687,102.2322923282281\n-3.679000245189453,102.232442190131\n-3.67923953896175,102.2326610617383\n-3.679477451865938,102.2328786705337\n-3.679713995549665,102.2330950274063\n-3.679886885482835,102.233301274008\n-3.679996903561155,102.2334979180765\n-3.680168566945802,102.2337025618087\n-3.68027297626848,102.2339573543881\n-3.680509691891166,102.2341092256412\n-3.680679162755745,102.2343112566803\n-3.68090877852861,102.2345203341059\n-3.681081329514226, 102.2346616574274\n-3.681313431460715,102.2348100460194\n-3.681544228806561,102.2349576008245\n-3.681773733143096,102.2351043289442\n-3.682006669740747,102.2351920598323\n-3.682233606958424,102.2353373175339\n-3.682395943327578,102.2355325718291\n-3.682562285944639,102.2356692396598\n-3.682723263741448,102.2358629925383\n-3.683253816914896,102.2361319682087\n-3.683426355878623,102.236219049765\n-3.683594461144688,102.2363490673025\n-3.683638730853465,102.2365368487541\n-3.683682916826575,102.2367242778146\n-3.683665595820599,102.2369409713183\n-3.683709713110657,102.2371278431564\n-3.683753747126362,102.2373143650365\n-3.683797699259138,102.2375005382231\n-3.683780422126937,102.2377166091471\n-3.683824305057842,102.237902229542\n-3.684057503731561,102.2379100531977\n-3.684185481533997,102.2377636689652\n-3.684312993508542,102.2376178178396\n-3.684493131876726,102.2375282587364\n-3.68466887724874,102.2374818123737\n-3.684899452788031,102.2374485900517\n-3.685124973428069,102.2374579240159\n-3.685348868510875,102.2374671901991\n-3.685567792895569,102.23751840269\n-3.685839244254058,102.2375819022682\n-3.686054664663126,102.2376322944017\n-3.68626522681777,102.2377238557005\n-3.686474297326619,102.2378147682474\n-3.68673108661601,102.2379584055612\n-3.686884733996192,102.2380357635698\n-3.687137926913921,102.2381774267868\n-3.687337581869778,102.2383061731743\n-3.687586827018718,102.2384455536031\n-3.687735986175166,102.2385205054615\n-3.687931505173193,102.2386467320548\n-3.688178848233719,102.2387430413667\n-3.688371341163555,102.2388675316504\n-3.68851324521435,102.238980304726\n-3.688752394994278,102.2391139690616\n-3.68894098263574,102.2392359334831\n-3.689128293669486,102.239357072771\n-3.689362237753352,102.2394876887264\n-3.689499141321913,102.2395969101129\n-3.689682702318521,102.2397156243429\n-3.689868170142936,102.2397945862598\n-3.690049284000299,102.239911853991\n-3.690275543829916,102.2400380116852\n-3.690453968248399,102.2401536052915\n-3.69067689272031,102.2402778371328\n-3.690810386247091,102.2403442297777\n-3.690982243552341,102.2404958529789\n-3.691159101734094,102.2405704104327\n-3.691373226465156,102.2407292251273\n-3.691547534820646,102.2408024861226\n-3.69171769037805,102.2409129150626\n-3.691843077134449,102.2410140451452\n-3.692017358510314,102.2410483198359\n-3.692184518898771,102.2411569937168\n-3.692353610081404,102.2412277856252\n-3.692521628604986,102.2412981283974\n-3.692688584238553,102.2413680262196\n-3.692851519647475,102.2414743213679\n-3.693058184728837,102.2415512115853\n-3.693218815042429,102.2416561847513\n-3.693378442425525, 102.2417605021732\n-3.693540006626062,102.2418278202296\n-3.693697647400521,102.2419309581336\n-3.693894783601651,102.2420409355932\n-3.694090403053687,102.2421500668957\n-3.694207632698846,102.242207968562\n-3.694361178318883,102.2423086007198\n-3.694516663258093,102.2423729627474\n-3.694668334249339,102.2424724805599\n-3.69482194507348,102.2425359553452\n-3.694974627231357,102.2425990463718\n-3.695084977488667,102.2426901798729\n-3.69527440402915,102.2427592105437\n-3.695383417868926,102.2428494370782\n-3.695608430893383,102.2429240280764\n-3.696220789765135,102.2433097590455\n-3.696322852903883,102.243431414496\n-3.696385098420318,102.243580856564\n-3.696486424855538,102.2437014685379\n-3.696637391828924,102.2436566071916\n-3.696751417677021,102.2436060981233\n-3.696903596300595,102.2435277708276\n-3.697019207842251,102.2434439001559\n-3.697167114043508,102.2434002339726\n-3.697311444330947,102.2433905204488\n-3.69748729830483,102.2434204325457\n-3.697661894981617,102.2434501306713\n-3.697835247813463,102.243479617116\n-3.698007369975572,102.2435088941232\n-3.698141510285657,102.2435652951905\n-3.698274892618451,102.2436213775197\n-3.698443894225221,102.2436498879545\n-3.698611711330232,102.243678198465\n-3.698778356357405,102.2437063111494\n-3.698943841557322,102.2437342280762\n-3.699075402830601,102.243756422055\n-3.69920623549354,102.243778493059\n-3.699368761423175,102.24380591052\n-3.69953017007578,102.2438331394086\n-3.699623883314629,102.2438814925519\n-3.699751693706207,102.2439029644261\n-3.699878806592206,102.2439243190643\n-3.700002647877182,102.2439774006535\n-3.700128389251516,102.2439984371874\n-3.700250884034237,102.2440510305402\n-3.700375276693043,102.2440717546939\n-3.700498999667553,102.2440923672235\n-3.700800081018918,102.2442164834129\n-3.699632966862914,102.2504992260155\n-3.696713637529286,102.2660231620119\n-3.689644480934433,102.2810843296525', 'x-3.689644480934433,102.2810843296525'),
(3, 1, 4, 'Padang Betuah', '-3.665433, 102.221718\r\n-3.653569, 102.205453\r\n-3.646417, 102.209573\r\n-3.611794, 102.218146\r\n-3.611794, 102.218146\r\n-3.617730, 102.255836\r\n-3.646864, 102.258142\r\n-3.665822, 102.221666', '-3.618539223091427,102.2549981926023'),
(4, 2, 5, 'Pasar Penambah', '-3.653052, 102.205254\r\n-3.646510, 102.209259\r\n-3.604212, 102.220026\r\n-3.596096, 102.223910\r\n-3.590644, 102.210194\r\n-3.637526, 102.196114\r\n-3.640918, 102.193200', '-3.637526, 102.196114'),
(5, 2, 5, 'Tepi Laut', '-3.628151, 102.175020\r\n-3.636911, 102.189055\r\n-3.634263, 102.190075\r\n-3.637522, 102.189514\r\n-3.640720, 102.193263\r\n-3.637293, 102.196095\r\n-3.612022, 102.204164\r\n-3.628384, 102.174723', '-3.628384, 102.174723'),
(6, 2, 5, 'Pasar Kerkap', '-3.625209, 102.170341\r\n-3.607825, 102.192918\r\n-3.598286, 102.198186\r\n-3.591010, 102.199052\r\n-3.591010, 102.199052\r\n-3.596989, 102.207787\r\n-3.612116, 102.204322\r\n-3.628211, 102.174889\r\n-3.626050, 102.172651', '-3.628211, 102.174889'),
(7, 2, 5, 'Air Napal', '-3.617968, 102.162127\r\n-3.605890, 102.174916\r\n-3.605376, 102.179808\r\n-3.602635, 102.182211\r\n-3.598180, 102.181782\r\n-3.588757, 102.184185\r\n-3.591069, 102.198864\r\n-3.598437, 102.198435\r\n-3.607774, 102.193027\r\n-3.625078, 102.170023', '-3.607774, 102.193027'),
(8, 2, 5, 'Talang Jarang', '-3.614333, 102.156642\r\n-3.588355, 102.182007\r\n-3.588661, 102.184304\r\n-3.589170, 102.183538\r\n-3.598543, 102.181548\r\n-3.602872, 102.182007\r\n-3.604910, 102.180272\r\n-3.605928, 102.174862\r\n-3.618000, 102.161847', '-3.605928, 102.174862'),
(9, 2, 5, 'Talang Kering', '-3.610026, 102.150238\r\n-3.585526, 102.174357\r\n-3.588267, 102.181911\r\n-3.614309, 102.156590\r\n', '-3.614309, 102.156590'),
(10, 2, 5, 'Selubuk', '-3.609907, 102.150187\r\n-3.601941, 102.157397\r\n-3.592260, 102.168126\r\n-3.585321, 102.174135\r\n-3.581981, 102.166066\r\n-3.606566, 102.144265', '-3.606566, 102.144265'),
(11, 2, 5, 'Pasar Tebat', '-3.606440, 102.144179\r\n-3.586309, 102.163663\r\n-3.582111, 102.165895\r\n-3.580055, 102.164092\r\n-3.582882, 102.161346\r\n-3.592563, 102.132592\r\n-3.595304, 102.135081\r\n-3.599416, 102.136969\r\n-3.604213, 102.143063', '-3.599416, 102.136969'),
(12, 2, 5, 'lubuk Tanjung', '-3.592370, 102.132465\r\n-3.582692, 102.161351\r\n-3.579941, 102.164209\r\n-3.569908, 102.150684\r\n-3.568329, 102.150174\r\n-3.566749, 102.144764\r\n-3.582438, 102.115368\r\n-3.587429, 102.124401\r\n-3.585221, 102.123891\r\n-3.584835, 102.125178\r\n-3.584086, 102.125972\r\n-3.586420, 102.124921\r\n-3.587405, 102.126080\r\n-3.588776, 102.126080', '-3.587405, 102.126080'),
(13, 2, 5, 'Pasar Palik', '-3.582323, 102.115084\r\n-3.566388, 102.144612\r\n-3.567759, 102.149934\r\n-3.550368, 102.146757\r\n-3.569987, 102.10306\r\n-3.576497, 102.110106\r\n-3.577097, 102.112767', '-3.576497, 102.110106'),
(14, 2, 5, 'Tebing Kandang', '-3.541552, 102.144180\r\n-3.560915, 102.091392\r\n-3.569225, 102.102292\r\n-3.550291, 102.146841', '-3.550291, 102.146841'),
(15, 2, 5, 'Kota Agung', '-3.545454, 102.079668\r\n-3.551965, 102.075720\r\n-3.560879, 102.091233\r\n-3.555387, 102.099589\r\n-3.524875, 102.109269\r\n-3.522129, 102.103766\r\n-3.550505, 102.085629', '-3.550505, 102.085629'),
(16, 2, 6, 'Pal Tiga Puluh', '-3.530401, 102.034954\r\n-3.527828, 102.092809\r\n-3.551132, 102.074954\r\n-3.534342, 102.043365', '-3.551132, 102.074954'),
(17, 2, 6, 'Pasar Lais', '-3.517516, 102.010785\r\n-3.530024, 102.034304\r\n-3.520942, 102.051300\r\n-3.519913, 102.062803\r\n-3.509289, 102.065035\r\n-3.496783, 102.038594\r\n-3.507064, 102.021771', '-3.507064, 102.021771'),
(18, 2, 6, 'Lubuk Lesung', 'x', 'x'),
(19, 2, 6, 'Dusun Raja', '-3.506807, 101.991185\r\n-3.483846, 102.017278\r\n-3.472193, 102.029639\r\n-3.478190, 102.035992\r\n-3.486073, 102.029639\r\n-3.496012, 102.012300\r\n-3.501324, 102.010927\r\n-3.506636, 102.013502\r\n-3.510063, 102.017279\r\n-3.517259, 102.010241', '-3.517259, 102.010241'),
(20, 2, 6, 'Dusun Daun', '-3.501264, 101.979258\r\n-3.506918, 101.990674\r\n-3.471962, 102.029643\r\n-3.471363, 102.021402\r\n-3.468622, 102.012046', '-3.468622, 102.012046'),
(21, 2, 6, 'Air Padang', '-3.493441, 101.962161\r\n-3.497296, 101.971946\r\n-3.494555, 101.976495\r\n-3.497725, 101.973963\r\n-3.501237, 101.979027\r\n-3.493633, 101.991797\r\n-3.475519, 102.008227\r\n-3.468580, 102.012304\r\n-3.468409, 102.013334\r\n-3.458813, 101.997755\r\n-3.473635, 101.983722\r\n-3.492868, 101.962522', '-3.492868, 101.962522'),
(22, 2, 6, 'Bintunan', '-3.485976, 101.946097\r\n-3.492487, 101.959058\r\n-3.493344, 101.961805\r\n-3.478351, 101.979057\r\n-3.469783, 101.987212\r\n-3.457103, 101.974937\r\n-3.486034, 101.946351', '-3.457103, 101.974937'),
(23, 2, 6, 'Airlakok', '-3.474314, 101.922333\r\n-3.485965, 101.945681\r\n-3.449808, 101.982075\r\n-3.441583, 101.973834', '-3.471015, 101.929602'),
(24, 2, 6, 'Selolong', '-3.454998, 101.921254\r\n-3.460567, 101.926318\r\n-3.473761, 101.922369\r\n-3.474618, 101.923142\r\n-3.458168, 101.950609\r\n-3.441288, 101.973700\r\n-3.427751, 101.965373\r\n-3.442232, 101.943656\r\n-3.453713, 101.923829', '-3.442232, 101.943656'),
(25, 2, 6, 'Serangai', '-3.454675, 101.921200\r\n-3.449363, 101.933731\r\n-3.433598, 101.958452\r\n-3.427514, 101.965147\r\n-3.410550, 101.954160\r\n-3.429486, 101.933731\r\n-3.439511, 101.911587\r\n-3.447998, 101.911852\r\n-3.451456, 101.915461', '-3.451456, 101.915461'),
(26, 2, 7, 'Urai', '-3.406984, 101.860692\r\n-3.406812, 101.862924\r\n-3.409897, 101.863782\r\n-3.427450, 101.896130\r\n-3.425908, 101.898019\r\n-3.429678, 101.898877\r\n-3.439445, 101.911838\r\n-3.431476, 101.929779\r\n-3.416220, 101.911069\r\n-3.400713, 101.885062\r\n-3.394116, 101.885062\r\n-3.391222, 101.882622\r\n-3.385571, 101.885099\r\n-3.382039, 101.882622\r\n-3.374387, 101.884863\r\n-3.368855, 101.854673\r\n-3.362615, 101.840169\r\n-3.369443, 101.830734\r\n-3.384394, 101.819295\r\n-3.386396, 101.822479', '-3.386396, 101.822479'),
(27, 2, 7, 'Pasar Ketahun', '-3.384066, 101.818325\r\n-3.362301, 101.839098\r\n-3.368470, 101.854209\r\n-3.368812, 101.868978\r\n-3.346360, 101.866571\r\n-3.315855, 101.842721\r\n-3.278818, 101.844020\r\n-3.275073, 101.799559\r\n-3.327241, 101.736189', '-3.275073, 101.799559'),
(28, 2, 7, 'Kuala Lelangi', '-3.327172, 101.734754\r\n-3.295421, 101.773840\r\n-3.291057, 101.785980\r\n-3.275787, 101.796906\r\n-3.279659, 101.840376\r\n-3.277477, 101.846934\r\n-3.251292, 101.860051\r\n-3.231176, 101.836489\r\n-3.241119, 101.824588\r\n-3.230698, 101.809775\r\n-3.237590, 101.800269\r\n-3.239282, 101.782828\r\n-3.246796, 101.777487\r\n-3.266429, 101.735245\r\n-3.291636, 101.718008\r\n-3.301331, 101.715337\r\n-3.307875, 101.707811', '-3.291636, 101.718008'),
(29, 2, 7, 'Karang Pulau', '-3.308090, 101.708389\r\n-3.301528, 101.715548\r\n-3.272386, 101.730471\r\n-3.250192, 101.757898\r\n-3.246153, 101.777826\r\n-3.238369, 101.783601\r\n-3.212427, 101.766850\r\n-3.223096, 101.737109\r\n-3.220215, 101.727293\r\n-3.287376, 101.683699', '-3.220215, 101.727293'),
(30, 2, 7, 'Air Petai', '-3.288580, 101.683864\r\n-3.220301, 101.726938\r\n-3.235079, 101.672839\r\n-3.267362, 101.652570', '-3.235079, 101.672839'),
(31, 2, 8, 'Pasar Baru Kota Bani', '-3.265332, 101.653700\r\n-3.244079, 101.665888\r\n-3.226253, 101.676703\r\n-3.212198, 101.677905\r\n-3.214085, 101.662625\r\n-3.229511, 101.648892\r\n-3.251621, 101.631554\r\n-3.258305, 101.640309', '-3.232318, 101.675102'),
(32, 2, 8, 'Pasar Seblat', '-3.251342, 101.631176\r\n-3.224677, 101.653513\r\n-3.203470, 101.626561\r\n-3.192927, 101.611752\r\n-3.194624, 101.602163\r\n-3.209289, 101.592331\r\n-3.228558, 101.607747\r\n-3.227467, 101.612117\r\n-3.230255, 101.609446\r\n-3.238617, 101.615758', '-3.229043, 101.610903'),
(33, 2, 9, 'Kaana ', '-5.477497, 102.250045\r\n-5.361793, 102.326777\r\n-5.371361, 102.343946\r\n-5.368969, 102.348226\r\n-5.376462, 102.353082\r\n-5.375978, 102.356725\r\n-5.383227, 102.365467\r\n-5.403533, 102.352113\r\n-5.419004, 102.326377\r\n-5.476523, 102.289963\r\n-5.475556, 102.280493\r\n-5.486914, 102.268841\r\n-5.496339, 102.272240\r\n-5.498468, 102.269766\r\n-5.506945, 102.275107\r\n-5.513699, 102.273952\r\n-5.510413, 102.267039\r\n-5.502222, 102.260255\r\n-5.494032, 102.247840\r\n-5.477795, 102.250727', '-5.477795, 102.250727'),
(34, 2, 9, 'Makaloni', '-5.443092, 102.217675\r\n-5.352507, 102.278442\r\n-5.355921, 102.295267\r\n-5.362414, 102.304540\r\n-5.360359, 102.315872\r\n-5.362067, 102.320681\r\n-5.360698, 102.326176\r\n-5.477615, 102.249611\r\n-5.462917, 102.242741\r\n-5.459499, 102.235873\r\n-5.462233, 102.229006\r\n-5.444459, 102.217331', '-5.444459, 102.217331'),
(35, 2, 9, 'Apoho', '-5.423374, 102.206009\r\n-5.342938, 102.242559\r\n-5.337137, 102.238432\r\n-5.318766, 102.237460\r\n-5.352843, 102.278250\r\n-5.443485, 102.217070\r\n-5.423374, 102.206009\r\n-5.342938, 102.242559\r\n-5.337137, 102.238432\r\n-5.318766, 102.237460\r\n-5.352843, 102.278250\r\n-5.443485, 102.217070\r\n-5.424150, 102.205659', '-5.424150, 102.205659'),
(36, 2, 9, 'Meok', '-5.387271, 102.147732\r\n-5.345055, 102.166099\r\n-5.305461, 102.196127\r\n-5.318789, 102.237506\r\n-5.318789, 102.237506\r\n-5.337678, 102.238699\r\n-5.343148, 102.242648\r\n-5.424502, 102.205740\r\n-5.413221, 102.191836\r\n-5.418690, 102.186688\r\n-5.408607, 102.166945\r\n-5.395448, 102.162138\r\n-5.386390, 102.147890', '-5.395448, 102.162138'),
(37, 2, 9, 'Banjar Sari', '-5.37552198,102.15590796\r\n-5.37539904,102.15572796\r\n-5.37476904,102.15400284\r\n-5.37396903,102.15043308\r\n-5.373,102.14760996\r\n-5.37232302,102.14531388\r\n-5.37146199,102.14214696\r\n-5.37060996,102.13909596\r\n-5.37032403,102.137715\r\n-5.36981697,102.13495308\r\n-5.36902002,102.13236684\r\n-5.36770404,102.13080984\r\n-5.36483403,102.12717888\r\n-5.36329197,102.12573708\r\n-5.36151303,102.12395112\r\n-5.358528,102.12089184\r\n-5.35634901,102.11829804\r\n-5.35457799,102.11610816\r\n-5.35296996,102.113865\r\n-5.35257603,102.11242284\r\n-5.35235202,102.11069916\r\n-5.35235499,102.10902804\r\n-5.35230297,102.10712796\r\n-5.35213503,102.10574808\r\n-5.351616,102.1047181\r\n-5.347368,102.10223016\r\n-5.344101,102.10141404\r\n-5.34105603,102.10152096\r\n-5.339214,102.10204008,\r\n-5.33834703,102.10226112\r\n-5.33690901,102.10208508\r\n-5.33433096,102.10161996\r\n-5.33219796,102.10167288\r\n-5.33127699,102.10195584\r\n-5.330475,102.10252788\r\n-5.33018097,102.10367988\r\n-5.33070099,102.10483188\r\n-5.331501,102.10609908\r\n-5.33149704,102.10736484\r\n-5.32982898,102.10839516\r\n-5.32833003,102.10885308\r\n-5.32723698,102.10919616\r\n-5.32517004,102.10982184\r\n-5.32367901,102.11010408\r\n-5.32154799,102.11043996\r\n-5.31959004,102.11146992\r\n-5.31804096,102.11285088\r\n-5.31636696,102.11485716\r\n-5.31464103,102.11738184\r\n-5.31296397,102.12099912\r\n-5.31140202,102.12381396\r\n-5.31082899,102.12513408\r\n-5.31035604,102.12691896\r\n-5.309721,102.13088616\r\n\r\n-5.30907804,102.13525008\r\n-5.30907597,102.13715016\r\n-5.30929197,102.13939296\r\n-5.30911404,102.14249796\r\n-5.30841699,102.14474112\r\n-5.30824599,102.14709912\r\n-5.30846703,102.14835804\r\n-5.30881398,102.14922708\r\n-5.30788599,102.15002916\r\n-5.30622099,102.15192096\r\n-5.30437302,102.153294\r\n-5.30144496,102.15357588\r\n-5.297832,102.15172188\r\n-5.29461801,102.15033408\r\n-5.29254702,102.15004392\r\n-5.28915204,102.15101304\r\n-5.28748704,102.15301896\r\n-5.28597999,102.15577296\r\n-5.28477201,102.15675\r\n-5.28235398,102.15784116\r\n-5.28006096,102.15858096\r\n-5.27878602,102.16093104\r\n-5.27837697,102.16288404\r\n-5.278149,102.16466892\r\n-5.27779503,102.16650816\r\n-5.27721903,102.16949904\r\n-5.27737797,102.17110896\r\n-5.278986,102.17335212\r\n-5.28093396,102.17445012\r\n-5.28323598,102.17606796\r\n-5.28512598,102.17860812\r\n-5.28672699,102.18130884\r\n-5.28907401,102.18539808\r\n-5.29083999,102.18885516\r\n-5.29170003,102.19150188\r\n-5.29209099,102.19437792\r\n-5.29323102,102.19725504\r\n-5.2965,102.201237\r\n\r\n-5.29805196,102.20284692\r\n-5.29882803,102.204018\r\n-5.308641,102.19957308\r\n-5.31889101,102.19278096\r\n-5.33465604,102.18487896\r\n-5.34751596,102.17925\r\n-5.35886604,102.17073312\r\n-5.37552198,102.15590796', '-5.35213503,102.10574808'),
(38, 2, 9, 'Khayapu', '-5.478051, 102.290119\r\n-5.419460, 102.327423\r\n-5.403797, 102.352108\r\n-5.383592, 102.365276\r\n-5.383389, 102.366902\r\n-5.382383, 102.369139\r\n-5.383748, 102.371809\r\n-5.383198, 102.374786\r\n-5.388084, 102.382581\r\n-5.401449, 102.388716\r\n-5.404683, 102.387850\r\n-5.406569, 102.388865\r\n-5.420582, 102.381827\r\n-5.421180, 102.379167\r\n-5.426050, 102.374017\r\n-5.436304, 102.371356\r\n-5.437842, 102.369296\r\n-5.455529, 102.367237\r\n-5.456554, 102.355306\r\n-5.450317, 102.348783\r\n-5.451257, 102.341916\r\n-5.458434, 102.338998\r\n-5.483382, 102.371872\r\n-5.484407, 102.374533\r\n-5.488594, 102.374361\r\n-5.491242, 102.371013\r\n-5.491926, 102.367752\r\n-5.496027, 102.368524\r\n-5.505596, 102.357881\r\n-5.499274, 102.348869\r\n-5.496283, 102.347242\r\n-5.492695, 102.325437\r\n-5.493891, 102.322003\r\n-5.489790, 102.318569\r\n-5.482443, 102.317539\r\n-5.475949, 102.313418\r\n-5.475608, 102.307925\r\n-5.486544, 102.303119\r\n-5.477830, 102.290072', '-5.450317, 102.348783');

-- --------------------------------------------------------

--
-- Struktur dari tabel `tb_kabupaten`
--

CREATE TABLE `tb_kabupaten` (
  `id_kabupaten` int(11) NOT NULL,
  `nm_kabupaten` text NOT NULL
) ENGINE=InnoDB DEFAULT CHARSET=latin1;

--
-- Dumping data untuk tabel `tb_kabupaten`
--

INSERT INTO `tb_kabupaten` (`id_kabupaten`, `nm_kabupaten`) VALUES
(1, 'Bengkulu Tengah'),
(2, 'Bengkulu Utara');

-- --------------------------------------------------------

--
-- Struktur dari tabel `tb_kecamatan`
--

CREATE TABLE `tb_kecamatan` (
  `id_kecamatan` int(11) NOT NULL,
  `id_kabupaten` int(11) NOT NULL,
  `nm_kecamatan` text NOT NULL
) ENGINE=InnoDB DEFAULT CHARSET=latin1;

--
-- Dumping data untuk tabel `tb_kecamatan`
--

INSERT INTO `tb_kecamatan` (`id_kecamatan`, `id_kabupaten`, `nm_kecamatan`) VALUES
(4, 1, 'Pondok Kelapa'),
(5, 2, 'Kerkap'),
(6, 2, 'Lais'),
(7, 2, 'Ketahun'),
(8, 2, 'Putri Hijau'),
(9, 2, 'Enggano');

-- --------------------------------------------------------

--
-- Struktur dari tabel `tb_klasifikasi`
--

CREATE TABLE `tb_klasifikasi` (
  `id_klasifikasi` int(11) NOT NULL,
  `id_bayes` int(11) NOT NULL,
  `id_subparameter` int(11) NOT NULL
) ENGINE=InnoDB DEFAULT CHARSET=latin1;

--
-- Dumping data untuk tabel `tb_klasifikasi`
--

INSERT INTO `tb_klasifikasi` (`id_klasifikasi`, `id_bayes`, `id_subparameter`) VALUES
(0, 0, 2),
(1, 0, 4),
(2, 0, 6),
(3, 0, 10),
(4, 0, 13),
(5, 1, 2),
(6, 1, 4),
(7, 1, 7),
(8, 1, 10),
(9, 1, 13),
(10, 2, 2),
(11, 2, 4),
(12, 2, 7),
(13, 2, 10),
(14, 2, 12),
(15, 3, 2),
(16, 3, 4),
(17, 3, 6),
(18, 3, 10),
(19, 3, 12),
(20, 4, 2),
(21, 4, 4),
(22, 4, 6),
(23, 4, 10),
(24, 4, 13),
(25, 5, 2),
(26, 5, 4),
(27, 5, 7),
(28, 5, 10),
(29, 5, 13),
(30, 6, 2),
(31, 6, 4),
(32, 6, 6),
(33, 6, 10),
(34, 6, 13),
(35, 7, 2),
(36, 7, 4),
(37, 7, 6),
(38, 7, 10),
(39, 7, 13),
(40, 8, 2),
(41, 8, 4),
(42, 8, 6),
(43, 8, 10),
(44, 8, 13),
(45, 9, 2),
(46, 9, 4),
(47, 9, 6),
(48, 9, 10),
(49, 9, 13),
(50, 10, 2),
(51, 10, 4),
(52, 10, 6),
(53, 10, 10),
(54, 10, 13),
(55, 11, 2),
(56, 11, 4),
(57, 11, 7),
(58, 11, 10),
(59, 11, 13),
(60, 12, 2),
(61, 12, 4),
(62, 12, 6),
(63, 12, 10),
(64, 12, 13),
(65, 13, 2),
(66, 13, 4),
(67, 13, 6),
(68, 13, 10),
(69, 13, 13),
(70, 14, 2),
(71, 14, 4),
(72, 14, 6),
(73, 14, 10),
(74, 14, 13),
(75, 15, 2),
(76, 15, 4),
(77, 15, 7),
(78, 15, 10),
(79, 15, 13),
(80, 16, 2),
(81, 16, 4),
(82, 16, 6),
(83, 16, 10),
(84, 16, 13),
(85, 17, 2),
(86, 17, 4),
(87, 17, 6),
(88, 17, 10),
(89, 17, 12),
(90, 18, 2),
(91, 18, 4),
(92, 18, 6),
(93, 18, 10),
(94, 18, 12),
(95, 19, 2),
(96, 19, 4),
(97, 19, 6),
(98, 19, 10),
(99, 19, 12),
(100, 20, 2),
(101, 20, 4),
(102, 20, 6),
(103, 20, 10),
(104, 20, 12),
(105, 21, 2),
(106, 21, 4),
(107, 21, 6),
(108, 21, 10),
(109, 21, 13),
(110, 22, 2),
(111, 22, 4),
(112, 22, 6),
(113, 22, 10),
(114, 22, 12),
(115, 23, 2),
(116, 23, 4),
(117, 23, 6),
(118, 23, 10),
(119, 23, 12),
(120, 24, 2),
(121, 24, 4),
(122, 24, 8),
(123, 24, 10),
(124, 24, 12),
(125, 25, 2),
(126, 25, 4),
(127, 25, 6),
(128, 25, 10),
(129, 25, 12),
(130, 26, 2),
(131, 26, 4),
(132, 26, 7),
(133, 26, 10),
(134, 26, 13),
(135, 27, 2),
(136, 27, 4),
(137, 27, 6),
(138, 27, 10),
(139, 27, 12),
(140, 28, 2),
(141, 28, 4),
(142, 28, 6),
(143, 28, 10),
(144, 28, 12),
(145, 29, 2),
(146, 29, 4),
(147, 29, 7),
(148, 29, 10),
(149, 29, 12),
(150, 30, 2),
(151, 30, 4),
(152, 30, 7),
(153, 30, 10),
(154, 30, 12),
(155, 31, 6),
(156, 31, 4),
(157, 31, 1),
(158, 31, 10),
(159, 31, 13),
(160, 32, 6),
(161, 32, 4),
(162, 32, 1),
(163, 32, 10),
(164, 32, 13),
(165, 33, 2),
(166, 33, 4),
(167, 33, 8),
(168, 33, 10),
(169, 33, 13),
(170, 34, 2),
(171, 34, 4),
(172, 34, 8),
(173, 34, 10),
(174, 34, 13),
(175, 35, 2),
(176, 35, 4),
(177, 35, 8),
(178, 35, 10),
(179, 35, 13),
(180, 36, 2),
(181, 36, 4),
(182, 36, 8),
(183, 36, 10),
(184, 36, 13),
(185, 37, 2),
(186, 37, 4),
(187, 37, 8),
(188, 37, 10),
(189, 37, 13),
(190, 38, 2),
(191, 38, 4),
(192, 38, 8),
(193, 38, 10),
(194, 38, 13),
(195, 39, 2),
(196, 39, 3),
(197, 39, 6),
(198, 39, 10),
(199, 39, 12),
(200, 40, 2),
(201, 40, 3),
(202, 40, 7),
(203, 40, 10),
(204, 40, 12),
(205, 41, 2),
(206, 41, 3),
(207, 41, 7),
(208, 41, 10),
(209, 41, 12),
(210, 42, 2),
(211, 42, 3),
(212, 42, 6),
(213, 42, 10),
(214, 42, 12),
(215, 43, 2),
(216, 43, 3),
(217, 43, 6),
(218, 43, 10),
(219, 43, 12),
(220, 44, 2),
(221, 44, 3),
(222, 44, 7),
(223, 44, 10),
(224, 44, 12),
(225, 45, 2),
(226, 45, 3),
(227, 45, 6),
(228, 45, 10),
(229, 45, 12),
(230, 46, 2),
(231, 46, 3),
(232, 46, 6),
(233, 46, 10),
(234, 46, 12),
(235, 47, 2),
(236, 47, 3),
(237, 47, 6),
(238, 47, 10),
(239, 47, 12),
(240, 48, 2),
(241, 48, 3),
(242, 48, 6),
(243, 48, 10),
(244, 48, 12),
(245, 49, 2),
(246, 49, 3),
(247, 49, 6),
(248, 49, 10),
(249, 49, 12),
(250, 50, 2),
(251, 50, 3),
(252, 50, 7),
(253, 50, 10),
(254, 50, 12),
(255, 51, 2),
(256, 51, 3),
(257, 51, 6),
(258, 51, 10),
(259, 51, 12),
(260, 52, 2),
(261, 52, 3),
(262, 52, 6),
(263, 52, 10),
(264, 52, 12),
(265, 53, 2),
(266, 53, 3),
(267, 53, 6),
(268, 53, 10),
(269, 53, 13),
(270, 54, 2),
(271, 54, 3),
(272, 54, 7),
(273, 54, 10),
(274, 54, 12),
(275, 55, 2),
(276, 55, 3),
(277, 55, 6),
(278, 55, 10),
(279, 55, 13),
(280, 56, 2),
(281, 56, 3),
(282, 56, 6),
(283, 56, 10),
(284, 56, 13),
(285, 57, 2),
(286, 57, 3),
(287, 57, 6),
(288, 57, 10),
(289, 57, 12),
(290, 58, 2),
(291, 58, 3),
(292, 58, 6),
(293, 58, 10),
(294, 58, 12),
(295, 59, 2),
(296, 59, 3),
(297, 59, 6),
(298, 59, 10),
(299, 59, 13),
(300, 60, 2),
(301, 60, 3),
(302, 60, 6),
(303, 60, 10),
(304, 60, 13),
(305, 61, 2),
(306, 61, 3),
(307, 61, 6),
(308, 61, 10),
(309, 61, 13),
(310, 62, 2),
(311, 62, 3),
(312, 62, 6),
(313, 62, 10),
(314, 62, 12),
(315, 63, 2),
(316, 63, 3),
(317, 63, 8),
(318, 63, 10),
(319, 63, 12),
(320, 64, 2),
(321, 64, 3),
(322, 64, 6),
(323, 64, 10),
(324, 64, 12),
(325, 65, 2),
(326, 65, 3),
(327, 65, 7),
(328, 65, 10),
(329, 65, 12),
(330, 66, 2),
(331, 66, 3),
(332, 66, 6),
(333, 66, 10),
(334, 66, 12),
(335, 67, 2),
(336, 67, 3),
(337, 67, 6),
(338, 67, 10),
(339, 67, 12),
(340, 68, 2),
(341, 68, 3),
(342, 68, 7),
(343, 68, 10),
(344, 68, 12),
(345, 69, 2),
(346, 69, 3),
(347, 69, 7),
(348, 69, 10),
(349, 69, 12),
(350, 70, 2),
(351, 70, 3),
(352, 70, 6),
(353, 70, 10),
(354, 70, 12),
(355, 71, 2),
(356, 71, 3),
(357, 71, 6),
(358, 71, 10),
(359, 71, 12),
(360, 72, 2),
(361, 72, 3),
(362, 72, 8),
(363, 72, 10),
(364, 72, 13),
(365, 73, 2),
(366, 73, 3),
(367, 73, 8),
(368, 73, 10),
(369, 73, 13),
(370, 74, 2),
(371, 74, 3),
(372, 74, 8),
(373, 74, 10),
(374, 74, 13),
(375, 75, 2),
(376, 75, 3),
(377, 75, 8),
(378, 75, 10),
(379, 75, 13),
(380, 76, 2),
(381, 76, 3),
(382, 76, 8),
(383, 76, 10),
(384, 76, 13),
(385, 77, 2),
(386, 77, 3),
(387, 77, 8),
(388, 77, 10),
(389, 77, 13),
(390, 78, 2),
(391, 78, 4),
(392, 78, 6),
(393, 78, 10),
(394, 78, 13),
(395, 79, 2),
(396, 79, 4),
(397, 79, 7),
(398, 79, 10),
(399, 79, 12),
(400, 80, 2),
(401, 80, 4),
(402, 80, 7),
(403, 80, 10),
(404, 80, 12),
(405, 81, 2),
(406, 81, 4),
(407, 81, 6),
(408, 81, 10),
(409, 81, 12),
(410, 82, 2),
(411, 82, 4),
(412, 82, 6),
(413, 82, 10),
(414, 82, 13),
(415, 83, 2),
(416, 83, 4),
(417, 83, 7),
(418, 83, 10),
(419, 83, 12),
(420, 84, 2),
(421, 84, 4),
(422, 84, 6),
(423, 84, 10),
(424, 84, 13),
(425, 85, 2),
(426, 85, 4),
(427, 85, 6),
(428, 85, 10),
(429, 85, 14),
(430, 86, 2),
(431, 86, 4),
(432, 86, 6),
(433, 86, 10),
(434, 86, 12),
(435, 87, 2),
(436, 87, 4),
(437, 87, 6),
(438, 87, 10),
(439, 87, 12),
(440, 88, 2),
(441, 88, 4),
(442, 88, 6),
(443, 88, 10),
(444, 88, 12),
(445, 89, 2),
(446, 89, 4),
(447, 89, 7),
(448, 89, 10),
(449, 89, 12),
(450, 90, 2),
(451, 90, 4),
(452, 90, 6),
(453, 90, 10),
(454, 90, 12),
(455, 91, 2),
(456, 91, 4),
(457, 91, 6),
(458, 91, 10),
(459, 91, 12),
(460, 92, 2),
(461, 92, 4),
(462, 92, 6),
(463, 92, 10),
(464, 92, 12),
(465, 93, 2),
(466, 93, 4),
(467, 93, 7),
(468, 93, 10),
(469, 93, 12),
(470, 94, 2),
(471, 94, 4),
(472, 94, 6),
(473, 94, 10),
(474, 94, 12),
(475, 95, 2),
(476, 95, 4),
(477, 95, 6),
(478, 95, 10),
(479, 95, 13),
(480, 96, 2),
(481, 96, 4),
(482, 96, 6),
(483, 96, 10),
(484, 96, 12),
(485, 97, 2),
(486, 97, 4),
(487, 97, 6),
(488, 97, 10),
(489, 97, 12),
(490, 98, 2),
(491, 98, 4),
(492, 98, 6),
(493, 98, 10),
(494, 98, 12),
(495, 99, 2),
(496, 99, 4),
(497, 99, 6),
(498, 99, 10),
(499, 99, 12),
(500, 100, 2),
(501, 100, 4),
(502, 100, 6),
(503, 100, 10),
(504, 100, 12),
(505, 101, 2),
(506, 101, 4),
(507, 101, 6),
(508, 101, 10),
(509, 101, 12),
(510, 102, 2),
(511, 102, 4),
(512, 102, 7),
(513, 102, 10),
(514, 102, 13),
(515, 103, 2),
(516, 103, 4),
(517, 103, 6),
(518, 103, 10),
(519, 103, 12),
(520, 104, 2),
(521, 104, 4),
(522, 104, 7),
(523, 104, 10),
(524, 104, 12),
(525, 105, 2),
(526, 105, 4),
(527, 105, 6),
(528, 105, 10),
(529, 105, 13),
(530, 106, 2),
(531, 106, 4),
(532, 106, 6),
(533, 106, 10),
(534, 106, 13),
(535, 107, 2),
(536, 107, 4),
(537, 107, 7),
(538, 107, 10),
(539, 107, 12),
(540, 108, 2),
(541, 108, 4),
(542, 108, 7),
(543, 108, 10),
(544, 108, 12),
(545, 109, 2),
(546, 109, 4),
(547, 109, 6),
(548, 109, 10),
(549, 109, 12),
(550, 110, 2),
(551, 110, 4),
(552, 110, 6),
(553, 110, 10),
(554, 110, 12),
(555, 111, 2),
(556, 111, 4),
(557, 111, 8),
(558, 111, 10),
(559, 111, 13),
(560, 112, 2),
(561, 112, 4),
(562, 112, 8),
(563, 112, 10),
(564, 112, 13),
(565, 113, 2),
(566, 113, 4),
(567, 113, 8),
(568, 113, 10),
(569, 113, 13),
(570, 114, 2),
(571, 114, 4),
(572, 114, 8),
(573, 114, 10),
(574, 114, 12),
(575, 115, 2),
(576, 115, 4),
(577, 115, 8),
(578, 115, 10),
(579, 115, 12),
(580, 116, 2),
(581, 116, 4),
(582, 116, 8),
(583, 116, 10),
(584, 116, 13),
(585, 117, 0),
(586, 117, 3),
(587, 117, 9),
(588, 117, 12),
(589, 117, 6),
(590, 118, 0),
(591, 118, 3),
(592, 118, 9),
(593, 118, 12),
(594, 118, 6),
(595, 119, 0),
(596, 119, 3),
(597, 119, 9),
(598, 119, 12),
(599, 119, 6);

-- --------------------------------------------------------

--
-- Struktur dari tabel `tb_parameter`
--

CREATE TABLE `tb_parameter` (
  `id_parameter` int(11) NOT NULL,
  `nm_parameter` varchar(32) NOT NULL,
  `bbt_parameter` double NOT NULL
) ENGINE=InnoDB DEFAULT CHARSET=latin1;

--
-- Dumping data untuk tabel `tb_parameter`
--

INSERT INTO `tb_parameter` (`id_parameter`, `nm_parameter`, `bbt_parameter`) VALUES
(0, 'Tinggi Gelombang', 0.3),
(1, 'Kecepatan Arus', 0.3),
(2, 'Bentuk Garis Pantai', 0.15),
(3, 'Tipologi Pantai', 0.1),
(4, 'Tutupan Lahan', 0.15);

-- --------------------------------------------------------

--
-- Struktur dari tabel `tb_pemetaan`
--

CREATE TABLE `tb_pemetaan` (
  `id_desa` int(11) NOT NULL,
  `polygon` text NOT NULL,
  `marker` text NOT NULL
) ENGINE=InnoDB DEFAULT CHARSET=latin1;

-- --------------------------------------------------------

--
-- Struktur dari tabel `tb_subparameter`
--

CREATE TABLE `tb_subparameter` (
  `id_subparameter` int(11) NOT NULL,
  `id_parameter` int(11) NOT NULL,
  `nm_subparameter` varchar(32) NOT NULL,
  `nilai_probabilitas` double NOT NULL
) ENGINE=InnoDB DEFAULT CHARSET=latin1;

--
-- Dumping data untuk tabel `tb_subparameter`
--

INSERT INTO `tb_subparameter` (`id_subparameter`, `id_parameter`, `nm_subparameter`, `nilai_probabilitas`) VALUES
(0, 0, 'Kurang Dari 1 meter', 0.333),
(1, 0, '1 m sampai 2.5 m', 0.666),
(2, 0, 'Lebih dari 2.5 m', 1),
(3, 1, 'kurang dari 2 m/s', 0.333),
(4, 1, '2 sampai  4 m/s', 0.666),
(5, 1, 'Lebih dari 4 m/s', 1),
(6, 2, 'Lurus', 1),
(7, 2, 'Lurus- Berteluk', 0.666),
(8, 2, 'Berteluk', 0.333),
(9, 3, 'Berbatu Karang', 0.333),
(10, 3, 'Berbatu Pasir', 0.666),
(11, 3, 'Berlumpur', 1),
(12, 4, 'diatas 80%', 0.333),
(13, 4, '40% sampai 80%', 0.666),
(14, 4, 'dibawah 40%', 1);

-- --------------------------------------------------------

--
-- Struktur dari tabel `tb_user`
--

CREATE TABLE `tb_user` (
  `id_user` int(11) NOT NULL,
  `nm_user` varchar(32) NOT NULL,
  `pwd_user` varchar(32) NOT NULL
) ENGINE=InnoDB DEFAULT CHARSET=latin1;

--
-- Dumping data untuk tabel `tb_user`
--

INSERT INTO `tb_user` (`id_user`, `nm_user`, `pwd_user`) VALUES
(1, 'admin', '21232f297a57a5a743894a0e4a801fc3');

--
-- Indexes for dumped tables
--

--
-- Indeks untuk tabel `tb_bayes`
--
ALTER TABLE `tb_bayes`
  ADD PRIMARY KEY (`id_bayes`);

--
-- Indeks untuk tabel `tb_desa`
--
ALTER TABLE `tb_desa`
  ADD PRIMARY KEY (`id_desa`),
  ADD KEY `id_kecamatan` (`id_kecamatan`);

--
-- Indeks untuk tabel `tb_kabupaten`
--
ALTER TABLE `tb_kabupaten`
  ADD PRIMARY KEY (`id_kabupaten`);

--
-- Indeks untuk tabel `tb_kecamatan`
--
ALTER TABLE `tb_kecamatan`
  ADD PRIMARY KEY (`id_kecamatan`),
  ADD KEY `id_kabupaten` (`id_kabupaten`);

--
-- Indeks untuk tabel `tb_klasifikasi`
--
ALTER TABLE `tb_klasifikasi`
  ADD PRIMARY KEY (`id_klasifikasi`),
  ADD KEY `id_bayes` (`id_bayes`),
  ADD KEY `id_subparameter` (`id_subparameter`);

--
-- Indeks untuk tabel `tb_parameter`
--
ALTER TABLE `tb_parameter`
  ADD PRIMARY KEY (`id_parameter`);

--
-- Indeks untuk tabel `tb_subparameter`
--
ALTER TABLE `tb_subparameter`
  ADD PRIMARY KEY (`id_subparameter`);

--
-- Indeks untuk tabel `tb_user`
--
ALTER TABLE `tb_user`
  ADD PRIMARY KEY (`id_user`);

--
-- AUTO_INCREMENT untuk tabel yang dibuang
--

--
-- AUTO_INCREMENT untuk tabel `tb_bayes`
--
ALTER TABLE `tb_bayes`
  MODIFY `id_bayes` int(11) NOT NULL AUTO_INCREMENT, AUTO_INCREMENT=120;

--
-- AUTO_INCREMENT untuk tabel `tb_desa`
--
ALTER TABLE `tb_desa`
  MODIFY `id_desa` int(11) NOT NULL AUTO_INCREMENT, AUTO_INCREMENT=39;

--
-- AUTO_INCREMENT untuk tabel `tb_kabupaten`
--
ALTER TABLE `tb_kabupaten`
  MODIFY `id_kabupaten` int(11) NOT NULL AUTO_INCREMENT, AUTO_INCREMENT=3;

--
-- AUTO_INCREMENT untuk tabel `tb_kecamatan`
--
ALTER TABLE `tb_kecamatan`
  MODIFY `id_kecamatan` int(11) NOT NULL AUTO_INCREMENT, AUTO_INCREMENT=10;

--
-- AUTO_INCREMENT untuk tabel `tb_klasifikasi`
--
ALTER TABLE `tb_klasifikasi`
  MODIFY `id_klasifikasi` int(11) NOT NULL AUTO_INCREMENT, AUTO_INCREMENT=600;

--
-- AUTO_INCREMENT untuk tabel `tb_parameter`
--
ALTER TABLE `tb_parameter`
  MODIFY `id_parameter` int(11) NOT NULL AUTO_INCREMENT, AUTO_INCREMENT=5;

--
-- AUTO_INCREMENT untuk tabel `tb_subparameter`
--
ALTER TABLE `tb_subparameter`
  MODIFY `id_subparameter` int(11) NOT NULL AUTO_INCREMENT, AUTO_INCREMENT=15;

--
-- AUTO_INCREMENT untuk tabel `tb_user`
--
ALTER TABLE `tb_user`
  MODIFY `id_user` int(11) NOT NULL AUTO_INCREMENT, AUTO_INCREMENT=2;
COMMIT;

/*!40101 SET CHARACTER_SET_CLIENT=@OLD_CHARACTER_SET_CLIENT */;
/*!40101 SET CHARACTER_SET_RESULTS=@OLD_CHARACTER_SET_RESULTS */;
/*!40101 SET COLLATION_CONNECTION=@OLD_COLLATION_CONNECTION */;
